Name,File Type,Resolution,Length (Minutes)
2 Fast 2 Furious,mp4,1920x818,107
2001: A Space Odyssey,mp4,1920x872,148
2010: The Year We Make Contact,mp4,1920x800,115
21 Jump Street,mkv,3840x1600,109
22 Jump Street,mkv,3840x1604,111
28 Days,mp4,1920x1076,103
300,mp4,1280x528,116
48 Hrs,mp4,1920x1080,96
8 Mile,mkv,1280x544,111
9,mp4,1920x1080,79
A Bridge Too Far,mp4,1920x816,176
A Bug's Life,mp4,1920x816,94
A Charlie Brown Christmas,mp4,1440x1072,72
A Charlie Brown Thanksgiving,mp4,1472x1072,25
A Christmas Carol,mp4,1424x1056,86
A Clockwork Orange,mp4,1792x1080,136
A Raunchy Christmas Story,mp4,1280x714,72
A View To Kill,mkv,1912x816,131
Abominable,mp4,1920x1040,97
Above The Law,mp4,1920x1080,99
Akira,mp4,1920x1024,124
Alexander,mp4,1920x800,206
Alien 3,mp4,1920x808,144
Alien DC,mp4,1920x816,116
Alien Hunter,mp4,1920x1080,91
Alien Nation,mp4,1920x824,89
Alien Predator,mp4,1920x1072,87
Alien Resurrection,mp4,1920x816,116
Alien vs Predator,mp4,1920x816,108
Aliens,mp4,1920x1040,154
All The Presidents Men,mp4,1920x1080,138
Always,mp4,1920x1040,122
Amadeus,mp4,1920x800,180
Amazon Queen,mkv,1920x1040,85
American Psycho,mp4,1920x816,102
Andre The Giant,mp4,1280x720,84
Animaniacs,mp4,720x480,79
Another,mkv,1280x692,109
Antboy 3,avi,720x384,84
Antboy,mp4,1904x1024,76
Antony And Cleopatra,mp4,1920x818,155
Antz,mp4,1920x1040,83
Apocalypse Now,mp4,1920x816,196
Apollo 11,mkv,1920x872,93
Aqua Teen Hunger Force,mkv,1920x1080,85
Aquarium of the Dead,mp4,1280x536,85
Army of Thieves,mkv,1920x960,126
Back To The Future Part 2,mkv,3840x2076,108
Back To The Future Part 3,mkv,3840x2076,118
Back To The Future,mkv,3840x2076,116
Bad Grandpa ,mp4,1920x1080,86
Bad Grandpa,mp4,1920x1080,102
Bad Santa,mp4,1280x720,88
Barfly,mp4,1920x1040,99
Battle Of Britain,mp4,1920x816,132
Bee Movie,mp4,1920x1080,90
Being James Bond The Daniel Craig Story,mp4,720x400,46
Benders Big Score,mp4,1920x1080,88
Benders Game,mp4,1920x1080,87
Beowulf,mp4,1920x816,114
Beverly Hills Cop,mp4,1920x1080,105
Big Hero 6,mp4,1920x804,101
Black Dynamite,mkv,1920x1040,84
Black Rain,mp4,1920x800,125
Blade Runner 2049,mp4,1920x800,163
Blade Runner,mp4,1280x528,117
Blazing Saddles,mp4,1920x800,92
Blow,mp4,1920x816,123
Bolt,mp4,1920x1080,96
Borat 2 Subsequent,mkv,1920x1080,96
Borat,mkv,1920x1040,83
Brave,mp4,1920x804,93
Brazil,mp4,1920x1040,143
Brubaker,mp4,1920x1040,130
Butch Cassidy And The Sundance Kid,mp4,1920x800,110
Capote,mp4,1280x544,114
Casablanca,mp4,1488x1080,102
Casino Royale,mkv,1920x800,144
Castle In The Sky,mkv,1920x1038,124
Children Of Men,mp4,1920x1040,109
Chinatown,mp4,1920x816,130
Citizen Kane,mp4,1488x1080,119
Close Encounters Of The Third Kind,mp4,1920x800,137
Cloudy With A Chance Of Meatballs 2,mp4,1920x800,94
Cloudy With A Chance Of Meatballs,mp4,1920x816,89
Coco,mp4,1920x800,105
Colors,mp4,1920x1040,127
Communion,mp4,1920x804,109
Cool Runnings,mp4,1904x1024,98
Cooley High,mp4,1920x1040,107
Coraline,mp4,1216x704,95
Corpse Bride,mp4,1920x1080,77
Creed,mp4,1280x536,133
Creepshow 2,mp4,1920x1024,120
Creepshow,mp4,1920x1024,89
Cube,mp4,1916x1054,90
Dangerous Liaisons,mp4,1920x1080,119
Dangerous,mkv,1280x534,99
Dante's Inferno An Animated Epic,mp4,1920x1072,88
Dead Poets Society,mp4,1920x1040,128
Deadpool 2,mp4,1920x800,133
Deadpool,mp4,1920x800,108
Dear Evan Hansen,mkv,1920x804,137
Dective Pikachu,mp4,1920x800,104
Deja Vu,mp4,1920x800,126
Despicable Me 2,mp4,1920x1040,97
Despicable Me 3,mp4,1920x808,89
Despicable Me,mp4,1920x1040,94
Diamond Are For Ever,mkv,1920x816,120
Die Another Day,mkv,1920x800,132
Die Hard,mkv,1920x1080,132
Dirty Harry,mp4,1920x800,102
Dog Day Afternoon,mp4,1908x1080,124
Dont Breathe 2,mkv,1920x808,98
Dont Breathe,mp4,1920x800,88
Dr NO,mkv,1800x1080,109
Dr Strangelove,mp4,1792x1080,94
Dracule,mp4,1456x1072,74
Duck Duck Goose,mp4,1920x808,91
Dune,mkv,1920x776,148
ET The Extra Terrestrial,mp4,1920x1040,114
Edge of Tomorrow,mp4,1920x800,113
Edward Scissorhands,mp4,1920x1040,105
Elf,mp4,1920x1080,96
Equilibrium,mp4,1920x820,107
Fahrenheit 451,mp4,1920x1040,112
Fast Five,mp4,1920x816,131
Fast and Furious 6,mp4,1920x816,131
Fast and Furious Hobbs and Shaw,mp4,1920x804,136
Fast and Furious,mp4,1920x800,106
Fast and the Furious Tokyo Drift,mp4,1920x804,104
Finding Dory,mp4,1920x1080,97
Finding Forrester,mp4,1920x816,136
Finding Nemo,mp4,1920x1080,100
For Your Eyes,mkv,1920x816,127
Ford V Ferrari,mkv,1920x804,152
Free Guy,mkv,1920x784,109
Free Willy Escape From Pirate's Cove,mp4,1280x714,101
Friday the 13th 1980,mp4,1280x720,95
Friday the 13th 2009,mp4,1920x1080,97
From Russia With Love,mkv,1920x1080,115
From Up on Poppy Hill,mkv,1920x1038,90
Frozen 2,mp4,1920x804,103
Frozen,mp4,1920x856,102
Furious 7,mp4,1920x800,139
G-Force,mp4,1920x800,88
Gandhi,mp4,1920x816,191
Gattaca,mp4,1920x800,106
Ghiblies Episode 2,mkv,1920x1038,24
Ghostbusters,mp4,1920x804,105
Godzilla 1998,mkv,1920x804,138
Godzilla 2014,mkv,1920x800,123
Godzilla King of the Monsters,mkv,1920x800,131
Godzilla vs,mp4,1920x804,113
Gold Finger,mkv,1800x1080,110
Golden Eye,mkv,1920x816,130
Goldmember,mp4,1280x544,94
Grave of the Fireflies,mkv,1920x1038,88
Grease 2,mp4,1920x816,114
Grease,mp4,1920x800,110
Halloween [1987],mp4,1920x818,90
Halloween [2018],mp4,1904x800,105
Halloweentown 2 Kalabars Revenge,mp4,1270x712,80
Halloweentown High,mkv,1280x720,82
Halloweentown,mkv,1280x720,84
Hardcore Henry,mp4,1920x1024,96
Harry Potter and the Chamber of Secrets,mkv,1920x1080,174
Harry Potter and the Deathly Hallows Part 1,mkv,1920x1080,146
Harry Potter and the Deathly Hallows Part 2,mkv,1920x1080,130
Harry Potter and the Goblet of Fire,mkv,1920x1080,157
Harry Potter and the Half-Blood Prince,mkv,1920x1080,153
Harry Potter and the Order of the Phoenix,mkv,1920x1080,138
Harry Potter and the Prisoner of Azkaban,mkv,1920x1080,141
Harry Potter and the Sorcerer's Stone,mkv,1920x1080,158
Heathers,mp4,1920x1040,103
Henry V,mp4,1920x1040,137
Heroes Rising,mkv,1920x1080,103
High Fidelity,mp4,1920x1040,113
Hisaishi Joe in Budoukan,mkv,1920x1080,116
Hocus Pocus,mkv,1880x1080,96
Home Alone 1,mkv,720x384,102
Home Alone 2 Lost In New York,mkv,720x384,120
Home Alone 3,mkv,720x384,98
Home Alone 4 Taking Back The House,mkv,720x384,83
Home Alone 5 The Holiday Heist,mkv,720x384,89
House on Haunted Hill,mp4,1920x1080,92
How To Train Your Dragon 2,mp4,1920x816,101
How To Train Your Dragon 3 The Hidden World,mp4,1920x816,104
How To Train Your Dragon,mp4,1920x816,98
How the Grinch Stole Christmas,mp4,1280x688,104
Howl's Moving Castle,mkv,1920x1038,119
Hypnotic,mp4,1920x800,89
Ice Age 2 The Meltdown,mp4,1920x1040,90
Ice Age 3 Dawn Of The Dinosaurs,mp4,1920x1040,94
Ice Age 4 Continental Drift,mp4,1920x800,87
Ice Age 5 Collision Course,mp4,1920x800,94
Ice Age,mp4,1920x1040,81
In The Heights,mkv,1920x1080,142
Incredibles 2,mp4,1920x804,117
Indiana Jones And The Last Crusade,mp4,1920x816,126
Indiana Jones And The Raiders Of The Lost Ark,mp4,1920x816,115
Indiana Jones And The Temple Of Doom,mp4,1920x816,118
Inferno,mp4,1920x1040,121
Inside Out,mp4,1920x1080,94
International Man of Mystery,mp4,1280x544,89
Into The Wild Green Yonder,mkv,1920x1080,89
Invasion Of The Body Snatchers,mp4,1920x1040,115
It's A Wonderful Life,mp4,1440x1072,130
"It's the Great Pumpkin, Charlie Brown",mp4,1472x1072,25
Jackass 2,mp4,624x352,64
Jackass 3,mp4,1920x1080,84
Jackass 3D,mp4,1920x1080,99
Jackass Backyard BBQ,mp4,350x232,22
Jackass Number Two,mp4,1280x720,91
Jackass Presents Gumball 3000 Jackass Number Two,mp4,512x384,42
Jackass: The Movie,mp4,720x476,88
Jaws,mp4,1280x544,123
Jetsons: The Movie,mp4,1920x1040,81
Jimmy Neutron: Boy Genius,mp4,1920x1080,82
John Wick,mkv,1920x1080,101
John Wick: Chapter 2,mkv,1920x1080,122
John Wick: Chapter 3 - Parabellum,mkv,3840x1600,130
Julius Caesar,mp4,1920x816,116
Jungle Cruise,mkv,1920x800,127
Jurassic Park III,mp4,1920x1040,92
Jurassic Park,mp4,1280x696,126
Jurassic World,mkv,1920x960,124
Jurassic World: Fallen Kingdom,mp4,1920x800,128
Kiki's Delivery Service,mkv,1920x1038,103
King Kong [1976],mkv,1920x820,134
King Kong [2005],mkv,1920x816,200
Kinky Boots,mp4,1920x800,106
Kong: Skull Island,mkv,1920x800,118
Krampus: Origins,mp4,1280x522,85
Kung Fu Panda 2,mp4,1920x816,90
Kung Fu Panda 3,mp4,1920x816,94
Kung Fu Panda,mp4,1920x810,92
Lawrence Of Arabia,mp4,1920x872,227
Leaving Neverland [Episode 1],mkv,640x272,121
Leaving Neverland [Episode 2],mkv,640x272,122
Lethal Weapon,mp4,1920x1080,109
Licence To Kill,mkv,1912x808,133
Live And Let Die,mkv,1920x1040,121
Lost In Translation,mp4,1920x1040,101
Luca,mp4,1920x1036,95
Lupin III The Castle of Cagliostro,mkv,1920x1042,99
MASH,mp4,1920x816,115
Macbeth,mp4,1920x816,140
Mad Max Fury Road,mkv,1920x800,120
Mad Max,mp4,1918x820,93
Madagascar 2 Escape 2 Africa,mp4,1920x1080,89
Madagascar 3 Europes Most Wanted,mp4,1920x1080,93
Madagascar,mp4,1920x1080,85
Magnum Force,mp4,1920x800,122
Mamma Mia! Here We Go Again,mp4,1920x800,113
Mamma Mia,mp4,1920x800,108
Man on Wire,mkv,1280x692,93
Marathon Man,mp4,1920x1080,125
Mat Hoffman's Tribute to Evel Knievel,mp4,464x266,127
Maze Runner The Death Cure,mp4,1920x800,143
Meet The Robinsons,mp4,1920x1080,93
Megamind,mp4,1920x816,95
Midway,mp4,1920x816,131
Millennium,mp4,1920x1040,105
Minions,mp4,1920x1040,90
Minority Report,mp4,1920x800,145
Miracle On 34th Street,mp4,988x720,96
Mission Impossible - Fallout,mp4,1920x800,147
Mission Impossible Ghost Protocol,mp4,1280x536,132
Mission Impossible II,mp4,1904x784,123
Mission Impossible Rogue Nation,mp4,1280x536,131
Mission To Mars,mp4,1920x816,113
Mississippi Burning,mp4,1920x1040,126
Moana,mp4,1920x804,107
Monster House,mp4,1920x800,90
Monsters Inc,mp4,1920x1040,92
Monsters University,mp4,1920x1080,103
Monsters Vs Aliens,mp4,1920x812,94
Moonraker,mkv,1920x816,126
Mortal Kombat 1995,mkv,1920x1080,101
Mortal Kombat 2021,mkv,1920x1080,110
Mortal Kombat The Jounry Begins,mkv,708x480,39
Mr Smith Goes To Washington,mp4,1488x1080,129
Munich,mp4,1920x812,163
My Neighbor Totoro,mkv,1920x1038,86
My Neighbors the Yamadas,mkv,1920x1038,103
Narco,mkv,1280x720,93
Nation Lampoon's Christmas Vacation,mkv,1920x1080,97
National Treasure,mp4,1920x800,131
Nausicaa Of The Valley Of The Wind,mkv,1920x1038,117
Network,mp4,1920x1072,121
Never Say Never,mkv,1920x808,134
Night Of The Living Dead,mp4,1472x1072,96
Nineteen Eighty Four,mp4,1920x1040,110
Nobody Sleeps In The Woods Tonight 2,mkv,1920x1080,96
Norma Rae,mp4,1920x808,114
Ocean Waves,mkv,1920x1038,72
Octopussy,mkv,1920x816,130
Old,mkv,1920x1080,108
On Her Majesty's Service,mkv,1920x816,142
On The Waterfront,mp4,1808x1080,107
On Your Mark,mkv,1920x1040,6
One Flew Over The Cuckoos Nest,mp4,1920x1080,133
Only Yesterday,mkv,1920x1038,118
Onward,mp4,1920x804,102
Parasite,mp4,1920x800,131
Passengers,mp4,1280x534,116
Patton,mp4,1920x876,171
Payback,mkv,1280x720,91
Penguins Of Madagascar,mp4,1920x1040,91
Phantasm,mkv,1280x720,89
Pink Floyd The Wall,mp4,1920x800,95
Pixels,mp4,1280x536,105
Planet Of The Apes,mp4,1920x816,112
Platoon,mp4,1920x1040,119
Poltergeist,mp4,1920x796,114
Ponyo on the Cliff,mkv,1920x1038,100
Porco Rosso,mkv,1920x1038,93
Princess Mononoke,mkv,1920x1038,133
Pumpkinhead,mp4,1920x1032,86
Puss In Boots,mp4,1920x814,90
Quantum Of Solace,mkv,1920x792,106
Ralph Breaks the Internet,mp4,1920x804,112
Rambo III,mkv,1920x816,101
Rambo,mkv,1920x816,99
Rambo: First Blood Part II,mp4,1904x816,95
Rambo: First Blood,mkv,1920x816,93
Rambo: Last Blood,mp4,1920x800,101
Rampage,mp4,1280x534,107
Rango,mp4,1280x528,111
Rascal Does Not Dream of Bunny Girl,mkv,1920x1080,89
Ratatouille,mp4,1920x800,110
Real Steel,mkv,1920x816,126
Reds,mp4,1920x1080,195
Return to Halloweentown,mp4,1280x720,87
Rise Of The Guardians,mp4,1920x1080,97
RoboCop,mp4,1920x1040,103
Rocky,mp4,1280x688,119
Rosemary's Baby,mp4,1920x1040,136
Rudolph The Red-Nosed Reindeer,mp4,1424x1056,51
Salvador,mp4,1920x1040,122
Saw II,mkv,1280x688,94
Saw III,mkv,1280x688,113
Saw IV,mkv,1280x720,95
Saw V,mkv,1280x720,95
Saw VI,mkv,1280x720,91
Saw,mkv,1280x688,102
Saw: The Final Chapter,mkv,1280x720,90
Scarface,mp4,1920x816,169
Scream 2,mp4,1920x816,120
Scream 3,mp4,1920x816,116
Scream 4,mp4,1920x800,110
Scream,mp4,1920x816,110
Serpico,mp4,1920x1040,130
Sex Lies And Videotape,mp4,1920x1040,100
Shrek 2,mp4,1920x1080,92
Shrek 3 The Third,mp4,1920x1080,92
Shrek 4 Forever After,mp4,1920x816,93
Shrek,mp4,1920x1080,90
Silkwood,mp4,1920x1040,131
Sing,mp4,1920x1040,107
SkyFall,mkv,1912x800,143
Slap Shot,mp4,1920x1040,123
Snowden,avi,720x304,134
Soul,mp4,1920x804,100
South Park Bigger Longer and Uncut,mp4,1920x1080,81
Space Jam A New Legacy,mkv,1920x1040,115
Spaceballs,mp4,1920x1040,96
Spartacus,mp4,1920x872,196
Spectre,mkv,1920x800,148
Speed Racer,mkv,1920x816,135
Spirited Away,mkv,1920x1038,124
Spy Game,mp4,1920x808,126
Star Trek II The Wrath Of Khan,mp4,1920x800,116
Star Trek III The Search For Spock,mp4,1920x816,105
Star Trek The Motion Picture,mp4,1920x816,132
Star Wars Episode I The Phantom Menace,mkv,1920x816,136
Star Wars Episode II Attack Of The Clones,mkv,1920x816,142
Star Wars Episode III Revenge Of The Sith,mkv,1920x816,140
Star Wars Episode IV A New Hope,mkv,1920x816,124
Star Wars Episode V The Empire Strikes Back,mkv,1920x816,127
Star Wars Episode VI Return Of The Jedi,mkv,1920x816,134
Star Wars Episode VII The Force Awakens,mkv,1920x800,138
Starman,mp4,1920x800,114
State Of Grace,mp4,1920x1032,134
Stripes,mp4,1920x1040,122
Sudden Impact,mp4,1920x800,117
Super Mario Bros,mp4,1280x690,104
Superman,mp4,1920x800,188
Survive the Game,avi,720x300,96
THX 1138,mp4,1920x816,88
Tales from Earthsea,mkv,1920x1038,115
Tangled,mp4,1920x1080,100
Taxi Driver,mp4,1920x1040,113
Teachers,mp4,1920x1040,106
Terminator 2 Judgment Day,mp4,1914x808,153
Terminator Dark Fate,mp4,1920x800,128
The Abyss,mp4,1920x816,140
The Accused,mp4,1920x1080,110
The Adventures Of Buckaroo Banzai,mp4,1920x816,102
The Adventures Of Tintin,mp4,1920x816,106
The Beast with a Billion Backs,mp4,1920x1080,88
The Book Of Life,mp4,1920x804,95
The Boss Baby 2 Family Business,mp4,1920x804,107
The Boss Baby,mp4,1920x816,97
The Bourne Identity,mp4,1920x816,118
The Bourne Supremacy,mp4,1920x816,108
The Bourne Ultimatum,mp4,1920x800,115
The Boys From Brazil,mp4,1920x1072,124
The Bridge On The River Kwai,mp4,1920x752,161
The Candidate,mp4,1920x1080,110
The Cat Returns,mkv,1920x1038,75
The China Syndrome,mp4,1920x1040,122
The Chronicles Of Narnia,mp4,1920x816,142
The Color Purple,mp4,1920x1072,153
The Conversation,mp4,1920x1080,113
The Cotton Club,mp4,1920x1040,138
The Croods 2 A New Age,mp4,1920x812,95
The Croods,mp4,1920x816,98
The Da Vinci Code,mp4,1920x800,174
The Day Of The Jackal,mp4,1920x1040,142
The Day The Earth Stood Still,mp4,1444x1080,92
The Dead Pool,mp4,1920x1080,91
The Deer Hunter,mp4,1920x816,183
The Departure,mkv,1912x804,70
The Enforcer,mp4,1920x800,96
The Evil Dead,mp4,1920x1040,85
The Exorcist,mp4,1920x1072,132
The Fabulous Baker Boys,mp4,1920x1048,113
The Falcon And The Snowman,mp4,1920x1040,131
The Fast and the Furious,mp4,1920x816,106
The First Purge,mkv,1920x804,97
The French Connection 2,mp4,1920x1040,119
The French Connection,mp4,1920x1040,103
The Godfather Part II,mp4,1920x1080,202
The Godfather Part III,mp4,1920x1080,170
The Godfather,mp4,1920x1080,177
The Good Dinosaur,mp4,1920x804,93
The Green Knight,mkv,1920x1036,129
The Harder They Fall,mkv,1280x536,139
The Hustler,mp4,1920x816,134
The Incredibles,mp4,1920x804,115
The Karate Kid,mp4,1920x1040,126
The Killing Fields,mp4,1912x1080,141
The Kingdom of Dreams and Madness,mkv,1920x1080,117
The Last Temptation Of Christ,mp4,1920x1024,163
The Lion King,mp4,1920x1080,118
The Little Things,mp4,1920x804,127
The Living Daylight,mkv,1920x816,130
The Lorax,mp4,1920x1040,86
The Lost World: Jurassic Park,mp4,1280x696,128
The Maltese Falcon,mp4,1488x1080,100
The Man With The Golden Gun,mkv,1920x1032,125
The Matrix Reloaded,mkv,1920x800,138
The Matrix,mkv,1920x800,136
The Maze Runner,mp4,1920x800,113
The Monkey King 2,mp4,1920x816,119
The Monkey King 3,mp4,1280x672,113
The Monkey King,mp4,1280x534,119
The Odessa File,mp4,1920x816,128
The Omen,mp4,1920x816,111
The Onion Field,mp4,1920x1032,126
The Philadelphia Experiment,mp4,1920x1080,101
The Pianist,mp4,1920x1038,148
The Platform,mp4,1920x800,94
The Polar Express,mp4,1918x794,99
The Pope Of Greenwich Village,mp4,1920x1040,120
The Price Of Gold,mp4,1280x720,76
The Purge Anarchy,mkv,1920x800,103
The Purge Election Year,mkv,1920x800,109
The Purge,mkv,1920x800,85
The Racoon War,mkv,1920x1038,119
The Red Turtle,mkv,1920x1040,80
The Secret Life Of Pets 2,mp4,1920x1036,86
The Secret Life Of Pets,mp4,1920x1040,86
The Simpsons Movie,mkv,1920x800,86
The Sixth Sense,mp4,1920x1036,107
The Spy Who Loved Me,mkv,1920x816,125
The Spy Who Shagged Me,mp4,1280x544,95
The Star Chamber,mp4,1920x816,108
The Sting,mp4,1920x1040,129
The Tale of Princess Kaguya,mkv,1920x1038,137
The Terminator,mp4,1918x1038,107
The Thing,mp4,1920x816,108
The Tomorrow War,mkv,1280x528,138
The Two Heroes,mkv,1920x1080,95
The Unholy,mkv,1280x528,99
The Usual Suspects,mp4,1920x816,106
The Verdict,mp4,1920x1040,128
The Warriors,mp4,1920x1080,93
The Wind Rises,mkv,1920x1038,126
The World Not Enough,mkv,1920x816,128
They Live,mp4,1280x572,94
Three Days Of The Condor,mp4,1920x800,117
Thunderball,mkv,1920x816,130
Time After Time,mp4,1912x792,111
To Kill A Mockingbird,mp4,1920x1040,129
To Live And Die In LA,mp4,1920x1040,115
Tomb Raider,mp4,1920x816,100
Tomorrow Never Dies,mkv,1920x816,119
Toy Story 2,mp4,1920x1080,92
Toy Story 3,mp4,1920x1080,102
Toy Story 4,mp4,1920x804,100
Toy Story,mp4,1920x1080,81
Training Day,mp4,1920x814,122
Transformers 2 Revenge of The Fallen,mp4,1920x800,150
Transformers 3 Dark of the Moon,mp4,1920x800,154
Transformers Age of Extinction,mp4,1920x800,165
Transformers The Last Knight,mp4,1920x1008,154
Transformers,mp4,1920x800,143
Treasure Planet,mp4,1816x1080,95
Trick R Treat,mp4,1920x800,82
Turbo,mp4,1920x816,95
Twelfth Night,mp4,1920x1080,133
Unbroken,mp4,1920x800,137
Up,mp4,1920x1080,96
Uprising,mp4,1920x1080,176
V for Vendetta,mkv,1280x528,132
Vengeance Is Mine,mkv,1280x688,84
Venom Let There Be Carnage,mkv,1280x640,85
Venom,mp4,1920x800,107
WALL-E,mp4,1920x800,98
WarGames,mp4,1920x1040,112
When Marnie Was There,mkv,1920x1038,102
Where Eagles Dare,mp4,1920x800,155
Whisper of the Heart,mkv,1920x1038,110
Willy Wonka & the Chocolate Factory,mp4,1920x1080,99
Willys Wonderland,mkv,1920x808,88
Wisdom,mp4,720x480,109
Worlds Biggest Bull Shark,mkv,1280x720,44
Wreck It Ralph,mp4,1920x804,101
Year Of The Dragon,mp4,1920x816,134
You Only Live Twice,mkv,1920x816,116
Young Frankenstein,mp4,1920x1024,105
Zootopia,mp4,1920x804,108
